{"v":"4.8.0","meta":{"g":"LottieFiles AE 1.0.0","a":"","k":"","d":"","tc":""},"fr":25,"ip":0,"op":164,"w":416,"h":341,"nm":"PEN_Main_comp","ddd":0,"assets":[{"id":"comp_0","layers":[{"ddd":0,"ind":1,"ty":4,"nm":"pen","sr":1,"ks":{"o":{"a":0,"k":100,"ix":11},"r":{"a":0,"k":0,"ix":10},"p":{"a":1,"k":[{"i":{"x":0.833,"y":0.833},"o":{"x":0.167,"y":0.167},"t":63,"s":[78,163,0],"to":[0,0,0],"ti":[13.5,30.75,0]},{"i":{"x":0.833,"y":0.833},"o":{"x":0.167,"y":0.167},"t":68.658,"s":[84.5,121.25,0],"to":[-0.284,-0.647,0],"ti":[-1.75,-3.5,0]},{"i":{"x":0.833,"y":0.833},"o":{"x":0.167,"y":0.167},"t":69.358,"s":[81.25,122.25,0],"to":[1.75,3.5,0],"ti":[-7,-8.25,0]},{"i":{"x":0.833,"y":0.833},"o":{"x":0.167,"y":0.167},"t":74.652,"s":[107.25,156.75,0],"to":[5.967,7.033,0],"ti":[5.268,-13.372,0]},{"i":{"x":0.833,"y":0.833},"o":{"x":0.167,"y":0.167},"t":78.563,"s":[115.625,185.5,0],"to":[-1.625,4.125,0],"ti":[-1.25,8.25,0]},{"i":{"x":0.833,"y":0.833},"o":{"x":0.167,"y":0.167},"t":81.862,"s":[104.75,163.25,0],"to":[1.25,-8.25,0],"ti":[-3.041,0.38,0]},{"i":{"x":0.833,"y":0.833},"o":{"x":0.167,"y":0.167},"t":84.499,"s":[116,145.75,0],"to":[0.25,0.125,0],"ti":[0,0,0]},{"i":{"x":0.833,"y":0.833},"o":{"x":0.167,"y":0.167},"t":85.606,"s":[119.375,154.125,0],"to":[0,0,0],"ti":[-0.265,1.801,0]},{"i":{"x":0.833,"y":0.833},"o":{"x":0.167,"y":0.167},"t":85.921,"s":[121.25,153.75,0],"to":[0.313,-2.125,0],"ti":[1.75,2.75,0]},{"i":{"x":0.833,"y":0.833},"o":{"x":0.167,"y":0.167},"t":87.597,"s":[121.25,140.25,0],"to":[-1.75,-2.75,0],"ti":[0.375,0.313,0]},{"i":{"x":0.833,"y":0.833},"o":{"x":0.167,"y":0.167},"t":89.283,"s":[111.563,130.5,0],"to":[-0.375,-0.313,0],"ti":[-1.688,-0.688,0]},{"i":{"x":0.833,"y":0.833},"o":{"x":0.167,"y":0.167},"t":91.17,"s":[126.813,132.25,0],"to":[1.688,0.688,0],"ti":[-3.125,-3.625,0]},{"i":{"x":0.833,"y":0.833},"o":{"x":0.167,"y":0.167},"t":93.897,"s":[128.625,154.125,0],"to":[3.125,3.625,0],"ti":[-5,6.75,0]},{"i":{"x":0.833,"y":0.833},"o":{"x":0.167,"y":0.167},"t":96.576,"s":[148.25,151.375,0],"to":[5,-6.75,0],"ti":[0.5,4.5,0]},{"i":{"x":0.833,"y":0.833},"o":{"x":0.167,"y":0.167},"t":98.706,"s":[155.5,136,0],"to":[-0.5,-4.5,0],"ti":[1.75,-0.75,0]},{"i":{"x":0.833,"y":0.833},"o":{"x":0.167,"y":0.167},"t":99.589,"s":[150.75,132.75,0],"to":[-1.75,0.75,0],"ti":[1.5,-4.5,0]},{"i":{"x":0.833,"y":0.833},"o":{"x":0.167,"y":0.167},"t":103.927,"s":[151.5,168,0],"to":[-1.5,4.5,0],"ti":[3.5,4.5,0]},{"i":{"x":0.833,"y":0.833},"o":{"x":0.167,"y":0.167},"t":105.527,"s":[142.75,173.25,0],"to":[-3.5,-4.5,0],"ti":[-2.25,3.5,0]},{"i":{"x":0.833,"y":0.833},"o":{"x":0.167,"y":0.167},"t":108.767,"s":[140.5,147.5,0],"to":[2.25,-3.5,0],"ti":[-2.875,3,0]},{"i":{"x":0.833,"y":0.833},"o":{"x":0.167,"y":0.167},"t":110.408,"s":[152.75,143,0],"to":[2.875,-3,0],"ti":[1.375,4.375,0]},{"i":{"x":0.833,"y":0.833},"o":{"x":0.167,"y":0.167},"t":113,"s":[158.125,123,0],"to":[-1.375,-4.375,0],"ti":[0,0,0]},{"i":{"x":0.833,"y":0.833},"o":{"x":0.167,"y":0.167},"t":130,"s":[158.125,123,0],"to":[0,0,0],"ti":[10.375,-102.5,0]},{"t":163,"s":[78,163,0]}],"ix":2},"a":{"a":0,"k":[0.25,32.109,0],"ix":1},"s":{"a":0,"k":[250.662,250.662,100],"ix":6}},"ao":0,"shapes":[{"ty":"gr","it":[{"ind":0,"ty":"sh","ix":1,"ks":{"a":0,"k":{"i":[[0,0],[-3.911,-0.241],[0,0],[0.281,6.347]],"o":[[0,0],[0,0],[0,0],[0,0]],"v":[[-1.797,-4.074],[2.682,3.493],[1.218,4.074],[-2.682,-3.588]],"c":true},"ix":2},"nm":"Path 1","mn":"ADBE Vector Shape - Group","hd":false},{"ty":"fl","c":{"a":0,"k":[0.728999956916,0.745000023935,0.808000033509,1],"ix":4},"o":{"a":0,"k":100,"ix":5},"r":1,"bm":0,"nm":"Fill 1","mn":"ADBE Vector Graphic - Fill","hd":false},{"ty":"tr","p":{"a":0,"k":[48.23,6.737],"ix":2},"a":{"a":0,"k":[0,0],"ix":1},"s":{"a":0,"k":[100,100],"ix":3},"r":{"a":0,"k":0,"ix":6},"o":{"a":0,"k":100,"ix":7},"sk":{"a":0,"k":0,"ix":4},"sa":{"a":0,"k":0,"ix":5},"nm":"Transform"}],"nm":"Group 1","np":2,"cix":2,"bm":0,"ix":1,"mn":"ADBE Vector Group","hd":false},{"ty":"gr","it":[{"ind":0,"ty":"sh","ix":1,"ks":{"a":0,"k":{"i":[[0,0],[-4.642,-3.151],[0,0],[0.022,4.573]],"o":[[0,0],[0,0],[0,0],[0,0]],"v":[[-6.106,-2.028],[-2.161,6.71],[6.803,1.854],[2.79,-6.71]],"c":true},"ix":2},"nm":"Path 1","mn":"ADBE Vector Shape - Group","hd":false},{"ty":"fl","c":{"a":0,"k":[0.435000011968,0.54900004069,0.980000035903,1],"ix":4},"o":{"a":0,"k":100,"ix":5},"r":1,"bm":0,"nm":"Fill 1","mn":"ADBE Vector Graphic - Fill","hd":false},{"ty":"tr","p":{"a":0,"k":[18.913,22.301],"ix":2},"a":{"a":0,"k":[0,0],"ix":1},"s":{"a":0,"k":[100,100],"ix":3},"r":{"a":0,"k":0,"ix":6},"o":{"a":0,"k":100,"ix":7},"sk":{"a":0,"k":0,"ix":4},"sa":{"a":0,"k":0,"ix":5},"nm":"Transform"}],"nm":"Group 2","np":2,"cix":2,"bm":0,"ix":2,"mn":"ADBE Vector Group","hd":false},{"ty":"gr","it":[{"ind":0,"ty":"sh","ix":1,"ks":{"a":0,"k":{"i":[[0,0],[0,0],[0,0],[0,0]],"o":[[0,0],[0,0],[0,0],[0,0]],"v":[[0.455,-0.905],[1.005,0.654],[-0.96,0.905],[-1.005,0.79]],"c":true},"ix":2},"nm":"Path 1","mn":"ADBE Vector Shape - Group","hd":false},{"ty":"fl","c":{"a":0,"k":[0.011999999776,0.054999998504,0.20800000359,1],"ix":4},"o":{"a":0,"k":100,"ix":5},"r":1,"bm":0,"nm":"Fill 1","mn":"ADBE Vector Graphic - Fill","hd":false},{"ty":"tr","p":{"a":0,"k":[1.254,31.135],"ix":2},"a":{"a":0,"k":[0,0],"ix":1},"s":{"a":0,"k":[100,100],"ix":3},"r":{"a":0,"k":0,"ix":6},"o":{"a":0,"k":100,"ix":7},"sk":{"a":0,"k":0,"ix":4},"sa":{"a":0,"k":0,"ix":5},"nm":"Transform"}],"nm":"Group 3","np":2,"cix":2,"bm":0,"ix":3,"mn":"ADBE Vector Group","hd":false},{"ty":"gr","it":[{"ind":0,"ty":"sh","ix":1,"ks":{"a":0,"k":{"i":[[0,0],[0,0],[-0.858,1],[0,0],[0,0]],"o":[[0,0],[0,0],[0.856,-1],[0,0],[0,0]],"v":[[-11.607,7.249],[-11.393,8.963],[8.904,-2.851],[11.607,-8.963],[7.717,-4.208]],"c":true},"ix":2},"nm":"Path 1","mn":"ADBE Vector Shape - Group","hd":false},{"ty":"fl","c":{"a":0,"k":[0.698000021542,0.713999968884,0.783999992819,1],"ix":4},"o":{"a":0,"k":100,"ix":5},"r":1,"bm":0,"nm":"Fill 1","mn":"ADBE Vector Graphic - Fill","hd":false},{"ty":"tr","p":{"a":0,"k":[42.251,15.591],"ix":2},"a":{"a":0,"k":[0,0],"ix":1},"s":{"a":0,"k":[100,100],"ix":3},"r":{"a":0,"k":0,"ix":6},"o":{"a":0,"k":100,"ix":7},"sk":{"a":0,"k":0,"ix":4},"sa":{"a":0,"k":0,"ix":5},"nm":"Transform"}],"nm":"Group 4","np":2,"cix":2,"bm":0,"ix":4,"mn":"ADBE Vector Group","hd":false},{"ty":"gr","it":[{"ind":0,"ty":"sh","ix":1,"ks":{"a":0,"k":{"i":[[0.005,-1.706],[1.329,0.27],[0.198,1.239],[-1.355,0.067]],"o":[[-0.004,1.532],[-1.179,-0.239],[-0.214,-1.35],[1.564,-0.078]],"v":[[2.571,0.374],[0.025,2.522],[-2.362,-0.064],[-0.438,-2.714]],"c":true},"ix":2},"nm":"Path 1","mn":"ADBE Vector Shape - Group","hd":false},{"ty":"fl","c":{"a":0,"k":[0.136999990426,0.337000020345,0.651000019148,1],"ix":4},"o":{"a":0,"k":100,"ix":5},"r":1,"bm":0,"nm":"Fill 1","mn":"ADBE Vector Graphic - Fill","hd":false},{"ty":"tr","p":{"a":0,"k":[54.781,3.042],"ix":2},"a":{"a":0,"k":[0,0],"ix":1},"s":{"a":0,"k":[100,100],"ix":3},"r":{"a":0,"k":0,"ix":6},"o":{"a":0,"k":100,"ix":7},"sk":{"a":0,"k":0,"ix":4},"sa":{"a":0,"k":0,"ix":5},"nm":"Transform"}],"nm":"Group 5","np":2,"cix":2,"bm":0,"ix":5,"mn":"ADBE Vector Group","hd":false},{"ty":"gr","it":[{"ind":0,"ty":"sh","ix":1,"ks":{"a":0,"k":{"i":[[0,0],[-2.381,-2.474],[0,0],[-0.071,2.572]],"o":[[0,0],[0,0],[0,0],[0,0]],"v":[[-4.887,-0.482],[-2.685,4.538],[5.066,0.386],[2.328,-4.538]],"c":true},"ix":2},"nm":"Path 1","mn":"ADBE Vector Shape - Group","hd":false},{"ty":"fl","c":{"a":0,"k":[0.435000011968,0.54900004069,0.980000035903,1],"ix":4},"o":{"a":0,"k":100,"ix":5},"r":1,"bm":0,"nm":"Fill 1","mn":"ADBE Vector Graphic - Fill","hd":false},{"ty":"tr","p":{"a":0,"k":[51.049,5.033],"ix":2},"a":{"a":0,"k":[0,0],"ix":1},"s":{"a":0,"k":[100,100],"ix":3},"r":{"a":0,"k":0,"ix":6},"o":{"a":0,"k":100,"ix":7},"sk":{"a":0,"k":0,"ix":4},"sa":{"a":0,"k":0,"ix":5},"nm":"Transform"}],"nm":"Group 6","np":2,"cix":2,"bm":0,"ix":6,"mn":"ADBE Vector Group","hd":false},{"ty":"gr","it":[{"ind":0,"ty":"sh","ix":1,"ks":{"a":0,"k":{"i":[[0,0],[-5.143,2.786],[0,0],[-3.643,-1.928],[4.071,-1.714],[0,0]],"o":[[0,0],[5.143,-2.786],[0,0],[0,0],[-4.071,1.714],[0,0]],"v":[[-24.107,12.967],[-15.107,4.467],[22.276,-15.13],[24.107,-6.462],[-10.607,12.824],[-23.343,15.13]],"c":true},"ix":2},"nm":"Path 1","mn":"ADBE Vector Shape - Group","hd":false},{"ty":"fl","c":{"a":0,"k":[0.776470648074,0.796078491211,0.854902020623,1],"ix":4},"o":{"a":0,"k":100,"ix":5},"r":1,"bm":0,"nm":"Fill 1","mn":"ADBE Vector Graphic - Fill","hd":false},{"ty":"tr","p":{"a":0,"k":[25.715,16.979],"ix":2},"a":{"a":0,"k":[0,0],"ix":1},"s":{"a":0,"k":[100,100],"ix":3},"r":{"a":0,"k":0,"ix":6},"o":{"a":0,"k":100,"ix":7},"sk":{"a":0,"k":0,"ix":4},"sa":{"a":0,"k":0,"ix":5},"nm":"Transform"}],"nm":"Group 7","np":2,"cix":2,"bm":0,"ix":7,"mn":"ADBE Vector Group","hd":false},{"ty":"gr","it":[{"ind":0,"ty":"sh","ix":1,"ks":{"a":0,"k":{"i":[[0,-2.476],[2.475,0],[0,2.476],[-2.475,0]],"o":[[0,2.475],[-2.476,0],[0,-2.475],[2.475,0]],"v":[[4.259,0.04],[-0.224,4.522],[-4.259,-0.041],[0.224,-4.522]],"c":true},"ix":2},"nm":"Path 1","mn":"ADBE Vector Shape - Group","hd":false},{"ty":"fl","c":{"a":0,"k":[0.698000021542,0.713999968884,0.783999992819,1],"ix":4},"o":{"a":0,"k":100,"ix":5},"r":1,"bm":0,"nm":"Fill 1","mn":"ADBE Vector Graphic - Fill","hd":false},{"ty":"tr","p":{"a":0,"k":[49.599,5.979],"ix":2},"a":{"a":0,"k":[0,0],"ix":1},"s":{"a":0,"k":[100,100],"ix":3},"r":{"a":0,"k":0,"ix":6},"o":{"a":0,"k":100,"ix":7},"sk":{"a":0,"k":0,"ix":4},"sa":{"a":0,"k":0,"ix":5},"nm":"Transform"}],"nm":"Group 8","np":2,"cix":2,"bm":0,"ix":8,"mn":"ADBE Vector Group","hd":false}],"ip":0,"op":177,"st":0,"bm":0},{"ddd":0,"ind":2,"ty":4,"nm":"SIG","sr":1,"ks":{"o":{"a":1,"k":[{"i":{"x":[0.667],"y":[1]},"o":{"x":[1],"y":[0]},"t":130,"s":[100]},{"t":163,"s":[0]}],"ix":11},"r":{"a":0,"k":0,"ix":10},"p":{"a":0,"k":[504,506,0],"ix":2},"a":{"a":0,"k":[0,0,0],"ix":1},"s":{"a":0,"k":[100,100,100],"ix":6}},"ao":0,"shapes":[{"ty":"gr","it":[{"ind":0,"ty":"sh","ix":1,"ks":{"a":0,"k":{"i":[[0,0],[13.5,30.75],[-1.75,-3.5],[-7,-8.25],[5.268,-13.372],[-1.25,8.25],[-3.041,0.38],[0,0],[-0.265,1.801],[1.75,2.75],[0.375,0.313],[-1.688,-0.688],[-3.125,-3.625],[-5,6.75],[0.5,4.5],[1.75,-0.75],[1.5,-4.5],[3.5,4.5],[-2.25,3.5],[-2.875,3],[0.25,13.75]],"o":[[0,0],[-0.284,-0.647],[1.75,3.5],[5.967,7.033],[-1.625,4.125],[1.25,-8.25],[0.25,0.125],[0,0],[0.313,-2.125],[-1.75,-2.75],[-0.375,-0.313],[1.688,0.688],[3.125,3.625],[5,-6.75],[-0.5,-4.5],[-1.75,0.75],[-1.5,4.5],[-3.5,-4.5],[2.25,-3.5],[2.875,-3],[-0.092,-5.055]],"v":[[-426,-343],[-419.5,-384.75],[-422.75,-383.75],[-396.75,-349.25],[-388.375,-320.5],[-399.25,-342.75],[-388,-360.25],[-384.625,-351.875],[-382.75,-352.25],[-382.75,-365.75],[-392.438,-375.5],[-377.188,-373.75],[-375.375,-351.875],[-355.75,-354.625],[-348.5,-370],[-353.25,-373.25],[-352.5,-338],[-361.25,-332.75],[-363.5,-358.5],[-351.25,-363],[-345.875,-383]],"c":false},"ix":2},"nm":"Path 1","mn":"ADBE Vector Shape - Group","hd":false},{"ty":"st","c":{"a":0,"k":[0.109803929048,0.317647058824,0.721568627451,1],"ix":3},"o":{"a":0,"k":100,"ix":4},"w":{"a":0,"k":2,"ix":5},"lc":1,"lj":1,"ml":4,"bm":0,"nm":"Stroke 1","mn":"ADBE Vector Graphic - Stroke","hd":false},{"ty":"tr","p":{"a":0,"k":[0,0],"ix":2},"a":{"a":0,"k":[0,0],"ix":1},"s":{"a":0,"k":[100,100],"ix":3},"r":{"a":0,"k":0,"ix":6},"o":{"a":0,"k":100,"ix":7},"sk":{"a":0,"k":0,"ix":4},"sa":{"a":0,"k":0,"ix":5},"nm":"Transform"}],"nm":"Shape 1","np":3,"cix":2,"bm":0,"ix":1,"mn":"ADBE Vector Group","hd":false},{"ty":"tm","s":{"a":0,"k":0,"ix":1},"e":{"a":1,"k":[{"i":{"x":[0.833],"y":[0.833]},"o":{"x":[0.167],"y":[0.167]},"t":63,"s":[0]},{"t":112,"s":[100]}],"ix":2},"o":{"a":0,"k":0,"ix":3},"m":1,"ix":2,"nm":"Trim Paths 1","mn":"ADBE Vector Filter - Trim","hd":false}],"ip":0,"op":177,"st":0,"bm":0},{"ddd":0,"ind":3,"ty":4,"nm":"Display_pen","sr":1,"ks":{"o":{"a":0,"k":100,"ix":11},"r":{"a":0,"k":0,"ix":10},"p":{"a":0,"k":[118.675,152.375,0],"ix":2},"a":{"a":0,"k":[-385.325,-353.625,0],"ix":1},"s":{"a":0,"k":[100,100,100],"ix":6}},"ao":0,"shapes":[{"ty":"gr","it":[{"ind":0,"ty":"sh","ix":1,"ks":{"a":0,"k":{"i":[[0.25,0.25],[0,0],[-1.377,-20.312],[-1.8,-4.765],[-23.5,0],[-1.789,32.2],[3,10.5]],"o":[[-13.25,25.75],[0,0],[1.012,14.922],[4.25,11.25],[22.75,0],[1,-18],[-37.75,4.75]],"v":[[-386.5,-426],[-444.5,-401.5],[-445.458,-358.003],[-438.25,-325.75],[-386,-281.25],[-327.25,-350],[-326,-404.75]],"c":true},"ix":2},"nm":"Path 1","mn":"ADBE Vector Shape - Group","hd":false},{"ty":"st","c":{"a":0,"k":[0.109803929048,0.317647058824,0.721568627451,1],"ix":3},"o":{"a":0,"k":100,"ix":4},"w":{"a":0,"k":0,"ix":5},"lc":1,"lj":1,"ml":4,"bm":0,"nm":"Stroke 1","mn":"ADBE Vector Graphic - Stroke","hd":false},{"ty":"fl","c":{"a":0,"k":[1,0.988235353956,0.988235353956,1],"ix":4},"o":{"a":0,"k":100,"ix":5},"r":1,"bm":0,"nm":"Fill 1","mn":"ADBE Vector Graphic - Fill","hd":false},{"ty":"tr","p":{"a":0,"k":[-385.375,-353.625],"ix":2},"a":{"a":0,"k":[-385.375,-353.625],"ix":1},"s":{"a":0,"k":[100,100],"ix":3},"r":{"a":0,"k":0,"ix":6},"o":{"a":0,"k":100,"ix":7},"sk":{"a":0,"k":0,"ix":4},"sa":{"a":0,"k":0,"ix":5},"nm":"Transform"}],"nm":"Shape 2","np":3,"cix":2,"bm":0,"ix":1,"mn":"ADBE Vector Group","hd":false},{"ty":"gr","it":[{"ind":0,"ty":"sh","ix":1,"ks":{"a":0,"k":{"i":[[0.25,0.25],[0,0],[-1.377,-20.312],[-1.8,-4.765],[-23.5,0],[-1.789,32.2],[3,10.5]],"o":[[-13.25,25.75],[0,0],[1.012,14.922],[4.25,11.25],[22.75,0],[1,-18],[-37.75,4.75]],"v":[[-386.5,-426],[-444.5,-401.5],[-445.458,-358.003],[-438.25,-325.75],[-386,-281.25],[-327.25,-350],[-326,-404.75]],"c":true},"ix":2},"nm":"Path 1","mn":"ADBE Vector Shape - Group","hd":false},{"ty":"st","c":{"a":0,"k":[0.109803929048,0.317647058824,0.721568627451,1],"ix":3},"o":{"a":0,"k":100,"ix":4},"w":{"a":0,"k":0,"ix":5},"lc":1,"lj":1,"ml":4,"bm":0,"nm":"Stroke 1","mn":"ADBE Vector Graphic - Stroke","hd":false},{"ty":"fl","c":{"a":0,"k":[0.113725498319,0.360784322023,0.717647075653,1],"ix":4},"o":{"a":0,"k":100,"ix":5},"r":1,"bm":0,"nm":"Fill 1","mn":"ADBE Vector Graphic - Fill","hd":false},{"ty":"tr","p":{"a":0,"k":[-385.375,-353.625],"ix":2},"a":{"a":0,"k":[-385.375,-353.625],"ix":1},"s":{"a":0,"k":[123,123],"ix":3},"r":{"a":0,"k":0,"ix":6},"o":{"a":0,"k":100,"ix":7},"sk":{"a":0,"k":0,"ix":4},"sa":{"a":0,"k":0,"ix":5},"nm":"Transform"}],"nm":"Shape 1","np":3,"cix":2,"bm":0,"ix":2,"mn":"ADBE Vector Group","hd":false}],"ip":0,"op":177,"st":0,"bm":0}]}],"layers":[{"ddd":0,"ind":1,"ty":4,"nm":"Shape","sr":1,"ks":{"o":{"a":0,"k":100,"ix":11},"r":{"a":0,"k":0,"ix":10},"p":{"a":0,"k":[208.344,339.167,0],"ix":2},"a":{"a":0,"k":[72.969,102.632,0],"ix":1},"s":{"a":0,"k":[282,282,100],"ix":6}},"ao":0,"shapes":[{"ty":"gr","it":[{"ind":0,"ty":"sh","ix":1,"ks":{"a":0,"k":{"i":[[0,0],[3.191,-0.355],[3.901,2.128],[0,0]],"o":[[0,0],[-3.191,0.355],[-3.901,-2.128],[0,0]],"v":[[142.705,60.019],[77.812,99.026],[66.819,98.317],[2.989,60.019]],"c":false},"ix":2},"nm":"Path 1","mn":"ADBE Vector Shape - Group","hd":false},{"ty":"tm","s":{"a":1,"k":[{"i":{"x":[0.833],"y":[0.833]},"o":{"x":[0.167],"y":[0.167]},"t":71,"s":[50]},{"t":81,"s":[100]}],"ix":1},"e":{"a":1,"k":[{"i":{"x":[0.833],"y":[0.833]},"o":{"x":[0.167],"y":[0.167]},"t":61,"s":[50]},{"t":74,"s":[100]}],"ix":2},"o":{"a":0,"k":0,"ix":3},"m":1,"ix":2,"nm":"Trim Paths 1","mn":"ADBE Vector Filter - Trim","hd":false},{"ty":"st","c":{"a":0,"k":[1,0.505882382393,0.156862750649,1],"ix":3},"o":{"a":0,"k":100,"ix":4},"w":{"a":0,"k":5,"ix":5},"lc":2,"lj":2,"bm":0,"nm":"Stroke 1","mn":"ADBE Vector Graphic - Stroke","hd":false},{"ty":"tr","p":{"a":0,"k":[0,0],"ix":2},"a":{"a":0,"k":[0,0],"ix":1},"s":{"a":0,"k":[100,100],"ix":3},"r":{"a":0,"k":0,"ix":6},"o":{"a":0,"k":100,"ix":7},"sk":{"a":0,"k":0,"ix":4},"sa":{"a":0,"k":0,"ix":5},"nm":"Transform"}],"nm":"FFFFF","np":4,"cix":2,"bm":0,"ix":1,"mn":"ADBE Vector Group","hd":false},{"ty":"gr","it":[{"ind":0,"ty":"sh","ix":1,"ks":{"a":0,"k":{"i":[[0,0],[3.191,-0.355],[3.901,2.128],[0,0]],"o":[[0,0],[-3.191,0.355],[-3.901,-2.128],[0,0]],"v":[[142.705,60.019],[77.812,99.026],[66.819,98.317],[2.989,60.019]],"c":false},"ix":2},"nm":"Path 1","mn":"ADBE Vector Shape - Group","hd":false},{"ty":"tm","s":{"a":1,"k":[{"i":{"x":[0.833],"y":[0.833]},"o":{"x":[0.167],"y":[0.167]},"t":61,"s":[0]},{"t":71,"s":[50]}],"ix":1},"e":{"a":1,"k":[{"i":{"x":[0.833],"y":[0.833]},"o":{"x":[0.167],"y":[0.167]},"t":48,"s":[0]},{"t":61,"s":[50]}],"ix":2},"o":{"a":0,"k":0,"ix":3},"m":1,"ix":2,"nm":"Trim Paths 1","mn":"ADBE Vector Filter - Trim","hd":false},{"ty":"st","c":{"a":0,"k":[1,1,1,1],"ix":3},"o":{"a":0,"k":100,"ix":4},"w":{"a":0,"k":5,"ix":5},"lc":2,"lj":2,"bm":0,"nm":"Stroke 1","mn":"ADBE Vector Graphic - Stroke","hd":false},{"ty":"tr","p":{"a":0,"k":[0,0],"ix":2},"a":{"a":0,"k":[0,0],"ix":1},"s":{"a":0,"k":[100,100],"ix":3},"r":{"a":0,"k":0,"ix":6},"o":{"a":0,"k":100,"ix":7},"sk":{"a":0,"k":0,"ix":4},"sa":{"a":0,"k":0,"ix":5},"nm":"Transform"}],"nm":"FF8128","np":4,"cix":2,"bm":0,"ix":2,"mn":"ADBE Vector Group","hd":false}],"ip":43,"op":207,"st":-6,"bm":0},{"ddd":0,"ind":2,"ty":0,"nm":"pen_Comp","refId":"comp_0","sr":1,"ks":{"o":{"a":0,"k":100,"ix":11},"r":{"a":0,"k":0,"ix":10},"p":{"a":0,"k":[241,124,0],"ix":2},"a":{"a":1,"k":[{"i":{"x":0.833,"y":0.833},"o":{"x":0.167,"y":0.167},"t":65,"s":[156,139,0],"to":[0,2,0],"ti":[0,-2,0]},{"i":{"x":0.833,"y":0.833},"o":{"x":0.167,"y":0.167},"t":75,"s":[156,151,0],"to":[0,0,0],"ti":[0,0,0]},{"i":{"x":0.833,"y":0.833},"o":{"x":0.167,"y":0.167},"t":80,"s":[156,151,0],"to":[0,-2,0],"ti":[0,2,0]},{"t":90,"s":[156,139,0]}],"ix":1},"s":{"a":0,"k":[100,100,100],"ix":6}},"ao":0,"w":312,"h":278,"ip":0,"op":164,"st":0,"bm":0},{"ddd":0,"ind":3,"ty":4,"nm":"pen_Shape 2","sr":1,"ks":{"o":{"a":0,"k":100,"ix":11},"r":{"a":0,"k":0,"ix":10},"p":{"a":0,"k":[208.344,339.167,0],"ix":2},"a":{"a":0,"k":[72.969,102.632,0],"ix":1},"s":{"a":0,"k":[282,282,100],"ix":6}},"ao":0,"shapes":[{"ty":"gr","it":[{"ind":0,"ty":"sh","ix":1,"ks":{"a":0,"k":{"i":[[0,0],[-13.08,-7.64],[-3.199,0.1],[-5.03,2.75],[-12.63,6.771],[-0.27,0.14],[-4.19,2.32],[-0.48,2.33],[-0.099,2.34],[5.621,-3.09],[14.27,-8.51],[4.38,-0.17],[2.78,1.48],[12.93,7.26],[7.73,3.76],[0,0],[-1.949,-1.25]],"o":[[13.15,7.53],[2.74,1.59],[6.04,0.2],[12.49,-7.02],[0.27,-0.14],[3.94,-2.72],[1.86,-1.1],[0.329,-2.34],[-5.019,4.02],[-14.25,8.54],[-3.7,2.22],[-3.17,-0.09],[-12.9,-7.32],[-7.61,-3.99],[0,0],[-0.184,1.317],[0,0]],"v":[[-48.07,-1.545],[-8.69,21.165],[0.329,23.735],[16.31,17.115],[53.59,-4.295],[54.67,-4.865],[66.95,-12.285],[71.54,-16.895],[71.78,-24.201],[55.224,-14.021],[12.5,10.753],[0.231,15.043],[-8.591,12.53],[-46.895,-9.738],[-69.433,-22.272],[-71.393,-24.01],[-69.92,-14.675]],"c":true},"ix":2},"nm":"Path 1","mn":"ADBE Vector Shape - Group","hd":false},{"ty":"fl","c":{"a":0,"k":[0.118000000598,0.286000001197,0.62400004069,1],"ix":4},"o":{"a":0,"k":100,"ix":5},"r":1,"bm":0,"nm":"Fill 1","mn":"ADBE Vector Graphic - Fill","hd":false},{"ty":"tr","p":{"a":0,"k":[72.815,78.89],"ix":2},"a":{"a":0,"k":[0,0],"ix":1},"s":{"a":0,"k":[100,100],"ix":3},"r":{"a":0,"k":0,"ix":6},"o":{"a":0,"k":100,"ix":7},"sk":{"a":0,"k":0,"ix":4},"sa":{"a":0,"k":0,"ix":5},"nm":"Transform"}],"nm":"Group 4","np":2,"cix":2,"bm":0,"ix":1,"mn":"ADBE Vector Group","hd":false},{"ty":"gr","it":[{"ind":0,"ty":"sh","ix":1,"ks":{"a":0,"k":{"i":[[0,0],[0,0],[0.311,-4.38],[5.621,-3.09],[14.27,-8.51],[4.38,-0.17],[2.78,1.481],[12.93,7.259],[7.73,3.759],[-1.59,1.41],[-2.03,1.35],[-1.14,0.61],[-6.108,3.345]],"o":[[0,0],[3.2,1.87],[-5.019,4.019],[-14.25,8.54],[-3.7,2.219],[-3.17,-0.09],[-12.9,-7.319],[-7.61,-3.991],[-2.955,-1.232],[1.76,-1.711],[1.1,-0.69],[8.59,-4.38],[4.197,-2.298]],"v":[[6.788,-38.393],[64.872,-5.487],[72.061,2.883],[55.772,13.063],[12.693,38.103],[0.512,42.393],[-8.488,39.702],[-47.058,17.523],[-69.418,4.723],[-69.938,-1.617],[-64.008,-5.897],[-60.668,-7.867],[-4.695,-40.095]],"c":true},"ix":2},"nm":"Path 1","mn":"ADBE Vector Shape - Group","hd":false},{"ty":"fl","c":{"a":0,"k":[0.109999997008,0.317999985639,0.722000002394,1],"ix":4},"o":{"a":0,"k":100,"ix":5},"r":1,"bm":0,"nm":"Fill 1","mn":"ADBE Vector Graphic - Fill","hd":false},{"ty":"tr","p":{"a":0,"k":[72.623,52.072],"ix":2},"a":{"a":0,"k":[0,0],"ix":1},"s":{"a":0,"k":[100,100],"ix":3},"r":{"a":0,"k":0,"ix":6},"o":{"a":0,"k":100,"ix":7},"sk":{"a":0,"k":0,"ix":4},"sa":{"a":0,"k":0,"ix":5},"nm":"Transform"}],"nm":"Group 5","np":2,"cix":2,"bm":0,"ix":2,"mn":"ADBE Vector Group","hd":false}],"ip":0,"op":164,"st":-49,"bm":0}],"markers":[]}